-- phpMyAdmin SQL Dump
-- version 4.9.5deb2
-- https://www.phpmyadmin.net/
--
-- Máy chủ: localhost:3306
-- Thời gian đã tạo: Th1 26, 2021 lúc 08:54 AM
-- Phiên bản máy phục vụ: 8.0.22-0ubuntu0.20.04.3
-- Phiên bản PHP: 7.4.3

SET SQL_MODE = "NO_AUTO_VALUE_ON_ZERO";
SET AUTOCOMMIT = 0;
START TRANSACTION;
SET time_zone = "+00:00";


/*!40101 SET @OLD_CHARACTER_SET_CLIENT=@@CHARACTER_SET_CLIENT */;
/*!40101 SET @OLD_CHARACTER_SET_RESULTS=@@CHARACTER_SET_RESULTS */;
/*!40101 SET @OLD_COLLATION_CONNECTION=@@COLLATION_CONNECTION */;
/*!40101 SET NAMES utf8mb4 */;

--
-- Cơ sở dữ liệu: `Quiz`
--

-- --------------------------------------------------------

--
-- Cấu trúc bảng cho bảng `categories`
--

CREATE TABLE `categories` (
  `id` int UNSIGNED NOT NULL,
  `name` varchar(255) CHARACTER SET utf8mb4 COLLATE utf8mb4_unicode_ci NOT NULL,
  `description` varchar(255) COLLATE utf8mb4_unicode_ci DEFAULT NULL,
  `created_at` timestamp NULL DEFAULT NULL,
  `updated_at` timestamp NULL DEFAULT NULL
) ENGINE=InnoDB DEFAULT CHARSET=utf8mb4 COLLATE=utf8mb4_unicode_ci;

--
-- Đang đổ dữ liệu cho bảng `categories`
--

INSERT INTO `categories` (`id`, `name`, `description`, `created_at`, `updated_at`) VALUES
(10, 'mon toan', NULL, '2021-01-08 23:18:58', '2021-01-08 23:18:58'),
(16, 'ly', NULL, '2021-01-12 02:51:14', '2021-01-12 02:51:14'),
(17, 'hoa', NULL, '2021-01-12 02:52:20', '2021-01-12 02:52:20');

-- --------------------------------------------------------

--
-- Cấu trúc bảng cho bảng `category_quiz`
--

CREATE TABLE `category_quiz` (
  `category_id` int UNSIGNED NOT NULL,
  `quiz_id` int UNSIGNED NOT NULL
) ENGINE=InnoDB DEFAULT CHARSET=utf8mb4 COLLATE=utf8mb4_0900_ai_ci;

--
-- Đang đổ dữ liệu cho bảng `category_quiz`
--

INSERT INTO `category_quiz` (`category_id`, `quiz_id`) VALUES
(10, 49),
(10, 51),
(10, 52),
(10, 53),
(10, 54);

-- --------------------------------------------------------

--
-- Cấu trúc bảng cho bảng `failed_jobs`
--

CREATE TABLE `failed_jobs` (
  `id` bigint UNSIGNED NOT NULL,
  `uuid` varchar(255) CHARACTER SET utf8mb4 COLLATE utf8mb4_unicode_ci NOT NULL,
  `connection` text CHARACTER SET utf8mb4 COLLATE utf8mb4_unicode_ci NOT NULL,
  `queue` text CHARACTER SET utf8mb4 COLLATE utf8mb4_unicode_ci NOT NULL,
  `payload` longtext CHARACTER SET utf8mb4 COLLATE utf8mb4_unicode_ci NOT NULL,
  `exception` longtext CHARACTER SET utf8mb4 COLLATE utf8mb4_unicode_ci NOT NULL,
  `failed_at` timestamp NOT NULL DEFAULT CURRENT_TIMESTAMP
) ENGINE=InnoDB DEFAULT CHARSET=utf8mb4 COLLATE=utf8mb4_unicode_ci;

-- --------------------------------------------------------

--
-- Cấu trúc bảng cho bảng `migrations`
--

CREATE TABLE `migrations` (
  `id` int UNSIGNED NOT NULL,
  `migration` varchar(255) CHARACTER SET utf8mb4 COLLATE utf8mb4_unicode_ci NOT NULL,
  `batch` int NOT NULL
) ENGINE=InnoDB DEFAULT CHARSET=utf8mb4 COLLATE=utf8mb4_unicode_ci;

--
-- Đang đổ dữ liệu cho bảng `migrations`
--

INSERT INTO `migrations` (`id`, `migration`, `batch`) VALUES
(1, '2014_10_12_000000_create_users_table', 1),
(2, '2014_10_12_100000_create_password_resets_table', 1),
(3, '2019_08_19_000000_create_failed_jobs_table', 1),
(4, '2021_01_05_064053_create_categories_table', 2),
(5, '2021_01_05_080804_create_quizzes_table', 3),
(6, '2021_01_05_081355_create_roles_table', 4),
(7, '2021_01_05_081522_create_role_user_table', 5),
(8, '2021_01_05_082049_create_results_table', 6);

-- --------------------------------------------------------

--
-- Cấu trúc bảng cho bảng `password_resets`
--

CREATE TABLE `password_resets` (
  `email` varchar(255) CHARACTER SET utf8mb4 COLLATE utf8mb4_unicode_ci NOT NULL,
  `token` varchar(255) CHARACTER SET utf8mb4 COLLATE utf8mb4_unicode_ci NOT NULL,
  `created_at` timestamp NULL DEFAULT NULL
) ENGINE=InnoDB DEFAULT CHARSET=utf8mb4 COLLATE=utf8mb4_unicode_ci;

-- --------------------------------------------------------

--
-- Cấu trúc bảng cho bảng `quizzes`
--

CREATE TABLE `quizzes` (
  `id` int UNSIGNED NOT NULL,
  `title` varchar(255) CHARACTER SET utf8mb4 COLLATE utf8mb4_unicode_ci NOT NULL,
  `text` varchar(10000) CHARACTER SET utf8mb4 COLLATE utf8mb4_unicode_ci NOT NULL,
  `option1` varchar(255) CHARACTER SET utf8mb4 COLLATE utf8mb4_unicode_ci NOT NULL,
  `option2` varchar(255) CHARACTER SET utf8mb4 COLLATE utf8mb4_unicode_ci NOT NULL,
  `option3` varchar(255) CHARACTER SET utf8mb4 COLLATE utf8mb4_unicode_ci NOT NULL,
  `option4` varchar(255) CHARACTER SET utf8mb4 COLLATE utf8mb4_unicode_ci NOT NULL,
  `correctAnswer` varchar(255) CHARACTER SET utf8mb4 COLLATE utf8mb4_unicode_ci NOT NULL,
  `created_at` timestamp NULL DEFAULT NULL,
  `updated_at` timestamp NULL DEFAULT NULL
) ENGINE=InnoDB DEFAULT CHARSET=utf8mb4 COLLATE=utf8mb4_unicode_ci;

--
-- Đang đổ dữ liệu cho bảng `quizzes`
--

INSERT INTO `quizzes` (`id`, `title`, `text`, `option1`, `option2`, `option3`, `option4`, `correctAnswer`, `created_at`, `updated_at`) VALUES
(49, 'Dap an cua cau hoi nay la', 'con cho co may cai chan', '2', '3', '1', '4', '4', NULL, '2021-01-16 10:04:43'),
(51, 'dap an la', 'quan nao thuoc Ha noi', 'Ha dong', 'ha bac', 'ha nam', 'ha tay', 'Ha dong', '2021-01-16 18:38:30', '2021-01-16 18:38:30'),
(52, 'dap an nao la khong dung cho cau hoi sau', 'Quan huyen thuoc ha noi la', 'tu liem', 'dong da', 'ha tay', 'tay ho', 'ha tay', '2021-01-16 18:40:41', '2021-01-16 18:40:41'),
(53, 'dap an dung la', 'hai cong hai bang may', '1', '2', '3', '4', '4', '2021-01-16 18:41:41', '2021-01-16 18:41:41'),
(54, 'dap an dung la', 'thap rua nam o cho nao viet nam', 'ha noi', 'ha tinh', 'tp ho chi minh', 'da nang', 'ha noi', '2021-01-16 18:43:28', '2021-01-16 18:43:28');

-- --------------------------------------------------------

--
-- Cấu trúc bảng cho bảng `results`
--

CREATE TABLE `results` (
  `id` int UNSIGNED NOT NULL,
  `user_id` int UNSIGNED NOT NULL,
  `category_id` int UNSIGNED NOT NULL,
  `point` int NOT NULL,
  `created_at` timestamp NULL DEFAULT NULL,
  `updated_at` timestamp NULL DEFAULT NULL
) ENGINE=InnoDB DEFAULT CHARSET=utf8mb4 COLLATE=utf8mb4_unicode_ci;

--
-- Đang đổ dữ liệu cho bảng `results`
--

INSERT INTO `results` (`id`, `user_id`, `category_id`, `point`, `created_at`, `updated_at`) VALUES
(1, 3, 10, 3, NULL, NULL),
(2, 3, 10, 4, '2021-01-14 18:18:34', '2021-01-14 18:18:34'),
(3, 3, 10, 2, '2021-01-14 18:20:14', '2021-01-14 18:20:14'),
(4, 3, 10, 1, '2021-01-14 19:29:24', '2021-01-14 19:29:24'),
(5, 3, 10, 0, '2021-01-14 19:34:08', '2021-01-14 19:34:08'),
(6, 3, 10, 2, '2021-01-14 19:35:28', '2021-01-14 19:35:28'),
(7, 3, 10, 3, '2021-01-14 19:49:24', '2021-01-14 19:49:24'),
(8, 3, 16, 0, '2021-01-14 19:49:49', '2021-01-14 19:49:49'),
(9, 3, 16, 1, '2021-01-14 19:50:21', '2021-01-14 19:50:21'),
(10, 3, 10, 1, '2021-01-14 19:50:36', '2021-01-14 19:50:36'),
(11, 3, 10, 4, '2021-01-14 19:51:47', '2021-01-14 19:51:47'),
(12, 3, 10, 4, '2021-01-14 19:55:59', '2021-01-14 19:55:59'),
(13, 3, 10, 1, '2021-01-14 19:59:29', '2021-01-14 19:59:29'),
(14, 3, 10, 2, '2021-01-14 20:00:08', '2021-01-14 20:00:08'),
(15, 3, 10, 2, '2021-01-14 20:01:11', '2021-01-14 20:01:11'),
(16, 3, 10, 3, '2021-01-14 20:03:14', '2021-01-14 20:03:14'),
(17, 3, 10, 1, '2021-01-14 20:03:58', '2021-01-14 20:03:58'),
(18, 3, 10, 2, '2021-01-14 20:08:06', '2021-01-14 20:08:06'),
(20, 3, 10, 3, '2021-01-14 20:08:32', '2021-01-14 20:08:32'),
(21, 3, 16, 1, '2021-01-14 20:17:32', '2021-01-14 20:17:32'),
(22, 3, 10, 3, '2021-01-14 20:22:04', '2021-01-14 20:22:04'),
(29, 4, 10, 0, '2021-01-17 02:16:28', '2021-01-17 02:16:28'),
(30, 4, 10, 0, '2021-01-17 02:23:42', '2021-01-17 02:23:42');

-- --------------------------------------------------------

--
-- Cấu trúc bảng cho bảng `roles`
--

CREATE TABLE `roles` (
  `id` int UNSIGNED NOT NULL,
  `name` varchar(255) CHARACTER SET utf8mb4 COLLATE utf8mb4_unicode_ci NOT NULL,
  `created_at` timestamp NULL DEFAULT NULL,
  `updated_at` timestamp NULL DEFAULT NULL
) ENGINE=InnoDB DEFAULT CHARSET=utf8mb4 COLLATE=utf8mb4_unicode_ci;

--
-- Đang đổ dữ liệu cho bảng `roles`
--

INSERT INTO `roles` (`id`, `name`, `created_at`, `updated_at`) VALUES
(1, 'admin', NULL, NULL),
(2, 'user', NULL, NULL);

-- --------------------------------------------------------

--
-- Cấu trúc bảng cho bảng `role_user`
--

CREATE TABLE `role_user` (
  `role_id` int UNSIGNED NOT NULL,
  `user_id` int UNSIGNED NOT NULL,
  `created_at` timestamp NULL DEFAULT NULL,
  `updated_at` timestamp NULL DEFAULT NULL
) ENGINE=InnoDB DEFAULT CHARSET=utf8mb4 COLLATE=utf8mb4_unicode_ci;

--
-- Đang đổ dữ liệu cho bảng `role_user`
--

INSERT INTO `role_user` (`role_id`, `user_id`, `created_at`, `updated_at`) VALUES
(1, 3, NULL, NULL),
(2, 4, NULL, NULL),
(2, 5, NULL, NULL);

-- --------------------------------------------------------

--
-- Cấu trúc bảng cho bảng `users`
--

CREATE TABLE `users` (
  `id` int UNSIGNED NOT NULL,
  `name` varchar(255) CHARACTER SET utf8mb4 COLLATE utf8mb4_unicode_ci NOT NULL,
  `email` varchar(255) CHARACTER SET utf8mb4 COLLATE utf8mb4_unicode_ci NOT NULL,
  `email_verified_at` timestamp NULL DEFAULT NULL,
  `password` varchar(255) CHARACTER SET utf8mb4 COLLATE utf8mb4_unicode_ci NOT NULL,
  `remember_token` varchar(100) CHARACTER SET utf8mb4 COLLATE utf8mb4_unicode_ci DEFAULT NULL,
  `created_at` timestamp NULL DEFAULT NULL,
  `updated_at` timestamp NULL DEFAULT NULL
) ENGINE=InnoDB DEFAULT CHARSET=utf8mb4 COLLATE=utf8mb4_unicode_ci;

--
-- Đang đổ dữ liệu cho bảng `users`
--

INSERT INTO `users` (`id`, `name`, `email`, `email_verified_at`, `password`, `remember_token`, `created_at`, `updated_at`) VALUES
(3, 'Dũng', 'dunght39@gmail.com', NULL, '$2y$10$zfdxRDcjtrJcucQwx1PMQeeafB4JMb0F1vJ57CTeEDb08YR3gBptG', NULL, '2021-01-09 20:09:18', '2021-01-09 20:09:18'),
(4, 'Dũng', 'dunght40@gmail.com', NULL, '$2y$10$/2GtfX6c4vUo3AJZM.UTFu2xEqPmsDKPS0aJnPrcvh2JRlumSE.Ha', NULL, '2021-01-09 21:50:27', '2021-01-09 21:50:27'),
(5, 'dung38', 'dung38@gmail.com', NULL, '$2y$10$YsuCtvbckJrmoOV5khE3MO6.zVtU3iIqpFW5iCy/PhjyVjCi6w/bG', NULL, '2021-01-14 21:32:38', '2021-01-14 21:32:38');

--
-- Chỉ mục cho các bảng đã đổ
--

--
-- Chỉ mục cho bảng `categories`
--
ALTER TABLE `categories`
  ADD PRIMARY KEY (`id`);

--
-- Chỉ mục cho bảng `category_quiz`
--
ALTER TABLE `category_quiz`
  ADD KEY `category_id` (`category_id`),
  ADD KEY `quiz_id` (`quiz_id`);

--
-- Chỉ mục cho bảng `failed_jobs`
--
ALTER TABLE `failed_jobs`
  ADD PRIMARY KEY (`id`),
  ADD UNIQUE KEY `failed_jobs_uuid_unique` (`uuid`);

--
-- Chỉ mục cho bảng `migrations`
--
ALTER TABLE `migrations`
  ADD PRIMARY KEY (`id`);

--
-- Chỉ mục cho bảng `password_resets`
--
ALTER TABLE `password_resets`
  ADD KEY `password_resets_email_index` (`email`);

--
-- Chỉ mục cho bảng `quizzes`
--
ALTER TABLE `quizzes`
  ADD PRIMARY KEY (`id`);

--
-- Chỉ mục cho bảng `results`
--
ALTER TABLE `results`
  ADD PRIMARY KEY (`id`),
  ADD KEY `results_user_id_foreign` (`user_id`),
  ADD KEY `results_category_id_foreign` (`category_id`);

--
-- Chỉ mục cho bảng `roles`
--
ALTER TABLE `roles`
  ADD PRIMARY KEY (`id`);

--
-- Chỉ mục cho bảng `role_user`
--
ALTER TABLE `role_user`
  ADD PRIMARY KEY (`role_id`,`user_id`),
  ADD KEY `role_user_user_id_foreign` (`user_id`);

--
-- Chỉ mục cho bảng `users`
--
ALTER TABLE `users`
  ADD PRIMARY KEY (`id`),
  ADD UNIQUE KEY `users_email_unique` (`email`);

--
-- AUTO_INCREMENT cho các bảng đã đổ
--

--
-- AUTO_INCREMENT cho bảng `categories`
--
ALTER TABLE `categories`
  MODIFY `id` int UNSIGNED NOT NULL AUTO_INCREMENT, AUTO_INCREMENT=22;

--
-- AUTO_INCREMENT cho bảng `failed_jobs`
--
ALTER TABLE `failed_jobs`
  MODIFY `id` bigint UNSIGNED NOT NULL AUTO_INCREMENT;

--
-- AUTO_INCREMENT cho bảng `migrations`
--
ALTER TABLE `migrations`
  MODIFY `id` int UNSIGNED NOT NULL AUTO_INCREMENT, AUTO_INCREMENT=9;

--
-- AUTO_INCREMENT cho bảng `quizzes`
--
ALTER TABLE `quizzes`
  MODIFY `id` int UNSIGNED NOT NULL AUTO_INCREMENT, AUTO_INCREMENT=55;

--
-- AUTO_INCREMENT cho bảng `results`
--
ALTER TABLE `results`
  MODIFY `id` int UNSIGNED NOT NULL AUTO_INCREMENT, AUTO_INCREMENT=31;

--
-- AUTO_INCREMENT cho bảng `roles`
--
ALTER TABLE `roles`
  MODIFY `id` int UNSIGNED NOT NULL AUTO_INCREMENT, AUTO_INCREMENT=3;

--
-- AUTO_INCREMENT cho bảng `users`
--
ALTER TABLE `users`
  MODIFY `id` int UNSIGNED NOT NULL AUTO_INCREMENT, AUTO_INCREMENT=6;

--
-- Các ràng buộc cho các bảng đã đổ
--

--
-- Các ràng buộc cho bảng `category_quiz`
--
ALTER TABLE `category_quiz`
  ADD CONSTRAINT `category_quiz_ibfk_2` FOREIGN KEY (`category_id`) REFERENCES `categories` (`id`) ON DELETE RESTRICT ON UPDATE RESTRICT,
  ADD CONSTRAINT `category_quiz_ibfk_3` FOREIGN KEY (`quiz_id`) REFERENCES `quizzes` (`id`) ON DELETE CASCADE ON UPDATE CASCADE;

--
-- Các ràng buộc cho bảng `results`
--
ALTER TABLE `results`
  ADD CONSTRAINT `results_category_id_foreign` FOREIGN KEY (`category_id`) REFERENCES `categories` (`id`),
  ADD CONSTRAINT `results_user_id_foreign` FOREIGN KEY (`user_id`) REFERENCES `users` (`id`);

--
-- Các ràng buộc cho bảng `role_user`
--
ALTER TABLE `role_user`
  ADD CONSTRAINT `role_user_role_id_foreign` FOREIGN KEY (`role_id`) REFERENCES `roles` (`id`),
  ADD CONSTRAINT `role_user_user_id_foreign` FOREIGN KEY (`user_id`) REFERENCES `users` (`id`);
COMMIT;

/*!40101 SET CHARACTER_SET_CLIENT=@OLD_CHARACTER_SET_CLIENT */;
/*!40101 SET CHARACTER_SET_RESULTS=@OLD_CHARACTER_SET_RESULTS */;
/*!40101 SET COLLATION_CONNECTION=@OLD_COLLATION_CONNECTION */;
